COUNTRY,COUNTRY_GRP,SEX,YEAR,VALUE
ALB,,ALL,1986,700
ALB,,ALL,1987,730
ALB,,ALL,1988,730
ALB,,ALL,1989,760
ALB,,ALL,1990,650
ALB,,ALL,1991,410
ALB,,ALL,1992,280
ALB,,ALL,1993,320
ALB,,ALL,1994,380
ALB,,ALL,1995,640
ALB,,ALL,1996,890
ALB,,ALL,1997,800
ALB,,ALL,1998,860
ALB,,ALL,1999,950
ALB,,ALL,2000,1100
ALB,,ALL,2001,1280
ALB,,ALL,2002,1370
ALB,,ALL,2003,1650
ALB,,ALL,2004,2100
ALB,,ALL,2005,2620
ALB,,ALL,2006,3050
ALB,,ALL,2007,3460
ALB,,ALL,2008,4030
ALB,,ALL,2009,4280
ALB,,ALL,2010,4360
ALB,,ALL,2011,4410
ALB,,ALL,2012,4360
ALB,,ALL,2013,4540
ALB,,ALL,2014,4540
ALB,,ALL,2015,4390
ALB,,ALL,2016,4320
ALB,,ALL,2017,4290
ALB,,ALL,2018,4860
ARM,,ALL,1992,310
ARM,,ALL,1993,330
ARM,,ALL,1994,400
ARM,,ALL,1995,460
ARM,,ALL,1996,520
ARM,,ALL,1997,560
ARM,,ALL,1998,590
ARM,,ALL,1999,610
ARM,,ALL,2000,660
ARM,,ALL,2001,710
ARM,,ALL,2002,800
ARM,,ALL,2003,960
ARM,,ALL,2004,1170
ARM,,ALL,2005,1540
ARM,,ALL,2006,2020
ARM,,ALL,2007,2760
ARM,,ALL,2008,3600
ARM,,ALL,2009,3330
ARM,,ALL,2010,3470
ARM,,ALL,2011,3530
ARM,,ALL,2012,3880
ARM,,ALL,2013,4110
ARM,,ALL,2014,4140
ARM,,ALL,2015,4010
ARM,,ALL,2016,3760
ARM,,ALL,2017,3950
ARM,,ALL,2018,4230
AUT,,ALL,1970,2070
AUT,,ALL,1971,2320
AUT,,ALL,1972,2760
AUT,,ALL,1973,3580
AUT,,ALL,1974,4650
AUT,,ALL,1975,5540
AUT,,ALL,1976,5980
AUT,,ALL,1977,6660
AUT,,ALL,1978,7540
AUT,,ALL,1979,9620
AUT,,ALL,1980,11460
AUT,,ALL,1981,11180
AUT,,ALL,1982,10380
AUT,,ALL,1983,9600
AUT,,ALL,1984,9270
AUT,,ALL,1985,9360
AUT,,ALL,1986,10820
AUT,,ALL,1987,13810
AUT,,ALL,1988,18070
AUT,,ALL,1989,19300
AUT,,ALL,1990,20630
AUT,,ALL,1991,21810
AUT,,ALL,1992,24520
AUT,,ALL,1993,24870
AUT,,ALL,1994,26140
AUT,,ALL,1995,28190
AUT,,ALL,1996,30090
AUT,,ALL,1997,29560
AUT,,ALL,1998,27970
AUT,,ALL,1999,27080
AUT,,ALL,2000,26790
AUT,,ALL,2001,25290
AUT,,ALL,2002,24970
AUT,,ALL,2003,28020
AUT,,ALL,2004,33750
AUT,,ALL,2005,38720
AUT,,ALL,2006,41460
AUT,,ALL,2007,44510
AUT,,ALL,2008,49110
AUT,,ALL,2009,49000
AUT,,ALL,2010,49610
AUT,,ALL,2011,50590
AUT,,ALL,2012,50060
AUT,,ALL,2013,50700
AUT,,ALL,2014,50370
AUT,,ALL,2015,47450
AUT,,ALL,2016,46220
AUT,,ALL,2017,45120
AUT,,ALL,2018,49310
AZE,,ALL,1993,590
AZE,,ALL,1994,440
AZE,,ALL,1995,400
AZE,,ALL,1996,410
AZE,,ALL,1997,450
AZE,,ALL,1998,510
AZE,,ALL,1999,570
AZE,,ALL,2000,610
AZE,,ALL,2001,650
AZE,,ALL,2002,710
AZE,,ALL,2003,810
AZE,,ALL,2004,940
AZE,,ALL,2005,1270
AZE,,ALL,2006,1900
AZE,,ALL,2007,2710
AZE,,ALL,2008,3870
AZE,,ALL,2009,4790
AZE,,ALL,2010,5370
AZE,,ALL,2011,5460
AZE,,ALL,2012,6410
AZE,,ALL,2013,7410
AZE,,ALL,2014,7690
AZE,,ALL,2015,6570
AZE,,ALL,2016,4760
AZE,,ALL,2017,4070
AZE,,ALL,2018,4050
BEL,,ALL,1970,2790
BEL,,ALL,1971,3080
BEL,,ALL,1972,3640
BEL,,ALL,1973,4690
BEL,,ALL,1974,6000
BEL,,ALL,1975,6910
BEL,,ALL,1976,7580
BEL,,ALL,1977,8220
BEL,,ALL,1978,9560
BEL,,ALL,1979,11730
BEL,,ALL,1980,13980
BEL,,ALL,1981,13190
BEL,,ALL,1982,11180
BEL,,ALL,1983,9430
BEL,,ALL,1984,8860
BEL,,ALL,1985,8820
BEL,,ALL,1986,10170
BEL,,ALL,1987,13090
BEL,,ALL,1988,17010
BEL,,ALL,1989,18030
BEL,,ALL,1990,19310
BEL,,ALL,1991,20580
BEL,,ALL,1992,23170
BEL,,ALL,1993,23410
BEL,,ALL,1994,25090
BEL,,ALL,1995,27070
BEL,,ALL,1996,28550
BEL,,ALL,1997,28450
BEL,,ALL,1998,26530
BEL,,ALL,1999,25980
BEL,,ALL,2000,25860
BEL,,ALL,2001,24430
BEL,,ALL,2002,24000
BEL,,ALL,2003,27030
BEL,,ALL,2004,32810
BEL,,ALL,2005,37730
BEL,,ALL,2006,39900
BEL,,ALL,2007,42700
BEL,,ALL,2008,46470
BEL,,ALL,2009,46840
BEL,,ALL,2010,46950
BEL,,ALL,2011,46400
BEL,,ALL,2012,47100
BEL,,ALL,2013,47880
BEL,,ALL,2014,47800
BEL,,ALL,2015,45540
BEL,,ALL,2016,43440
BEL,,ALL,2017,42720
BEL,,ALL,2018,45910
BGR,,ALL,1982,2360
BGR,,ALL,1983,2090
BGR,,ALL,1984,2010
BGR,,ALL,1985,1950
BGR,,ALL,1986,2190
BGR,,ALL,1987,2720
BGR,,ALL,1988,3110
BGR,,ALL,1989,2830
BGR,,ALL,1990,2250
BGR,,ALL,1991,1620
BGR,,ALL,1992,1430
BGR,,ALL,1993,1250
BGR,,ALL,1994,1240
BGR,,ALL,1995,1510
BGR,,ALL,1996,1540
BGR,,ALL,1997,1560
BGR,,ALL,1998,1530
BGR,,ALL,1999,1480
BGR,,ALL,2000,1650
BGR,,ALL,2001,1760
BGR,,ALL,2002,1950
BGR,,ALL,2003,2350
BGR,,ALL,2004,3030
BGR,,ALL,2005,3770
BGR,,ALL,2006,4270
BGR,,ALL,2007,4820
BGR,,ALL,2008,6100
BGR,,ALL,2009,6750
BGR,,ALL,2010,6980
BGR,,ALL,2011,7220
BGR,,ALL,2012,7420
BGR,,ALL,2013,7590
BGR,,ALL,2014,7730
BGR,,ALL,2015,7480
BGR,,ALL,2016,7580
BGR,,ALL,2017,7860
BGR,,ALL,2018,8860
BIH,,ALL,1996,760
BIH,,ALL,1997,1010
BIH,,ALL,1998,1330
BIH,,ALL,1999,1400
BIH,,ALL,2000,1490
BIH,,ALL,2001,1610
BIH,,ALL,2002,1770
BIH,,ALL,2003,2040
BIH,,ALL,2004,2590
BIH,,ALL,2005,3180
BIH,,ALL,2006,3510
BIH,,ALL,2007,3920
BIH,,ALL,2008,4730
BIH,,ALL,2009,4970
BIH,,ALL,2010,4950
BIH,,ALL,2011,5010
BIH,,ALL,2012,4990
BIH,,ALL,2013,5270
BIH,,ALL,2014,5300
BIH,,ALL,2015,5210
BIH,,ALL,2016,5130
BIH,,ALL,2017,5110
BIH,,ALL,2018,5740
BLR,,ALL,1992,1790
BLR,,ALL,1993,1600
BLR,,ALL,1994,1460
BLR,,ALL,1995,1370
BLR,,ALL,1996,1450
BLR,,ALL,1997,1530
BLR,,ALL,1998,1550
BLR,,ALL,1999,1400
BLR,,ALL,2000,1380
BLR,,ALL,2001,1300
BLR,,ALL,2002,1380
BLR,,ALL,2003,1630
BLR,,ALL,2004,2180
BLR,,ALL,2005,2820
BLR,,ALL,2006,3510
BLR,,ALL,2007,4310
BLR,,ALL,2008,5470
BLR,,ALL,2009,5660
BLR,,ALL,2010,6210
BLR,,ALL,2011,6330
BLR,,ALL,2012,6670
BLR,,ALL,2013,7010
BLR,,ALL,2014,7600
BLR,,ALL,2015,6720
BLR,,ALL,2016,5620
BLR,,ALL,2017,5300
BLR,,ALL,2018,5670
,CARINFONET,ALL,1992,849.61
,CARINFONET,ALL,1993,833.66
,CARINFONET,ALL,1994,757.89
,CARINFONET,ALL,1995,739.56
,CARINFONET,ALL,1996,755.98
,CARINFONET,ALL,1997,765.06
,CARINFONET,ALL,1998,757.97
,CARINFONET,ALL,1999,739.48
,CARINFONET,ALL,2000,714.94
,CARINFONET,ALL,2001,707.96
,CARINFONET,ALL,2002,711.68
,CARINFONET,ALL,2003,798.86
,CARINFONET,ALL,2004,985.37
,CARINFONET,ALL,2005,1216.14
,CARINFONET,ALL,2006,1531.71
,CARINFONET,ALL,2007,1938.13
,CARINFONET,ALL,2008,2420.84
,CARINFONET,ALL,2009,2719
,CARINFONET,ALL,2010,3062.97
,CARINFONET,ALL,2011,3461.35
,CARINFONET,ALL,2012,4149.28
,CARINFONET,ALL,2013,4853.91
,CARINFONET,ALL,2014,5148.69
,CARINFONET,ALL,2015,4958.86
,CARINFONET,ALL,2016,4264.12
,CARINFONET,ALL,2017,3831.9
,CARINFONET,ALL,2018,3725.58
CHE,,ALL,1972,5370
CHE,,ALL,1973,7040
CHE,,ALL,1974,9040
CHE,,ALL,1975,10250
CHE,,ALL,1976,10910
CHE,,ALL,1977,12040
CHE,,ALL,1978,14010
CHE,,ALL,1979,17500
CHE,,ALL,1980,21720
CHE,,ALL,1981,21340
CHE,,ALL,1982,19120
CHE,,ALL,1983,17740
CHE,,ALL,1984,17980
CHE,,ALL,1985,18080
CHE,,ALL,1986,20360
CHE,,ALL,1987,25650
CHE,,ALL,1988,33650
CHE,,ALL,1989,35250
CHE,,ALL,1990,36930
CHE,,ALL,1991,37550
CHE,,ALL,1992,40920
CHE,,ALL,1993,40820
CHE,,ALL,1994,41900
CHE,,ALL,1995,45450
CHE,,ALL,1996,48360
CHE,,ALL,1997,48030
CHE,,ALL,1998,44940
CHE,,ALL,1999,43100
CHE,,ALL,2000,43520
CHE,,ALL,2001,40930
CHE,,ALL,2002,39700
CHE,,ALL,2003,45620
CHE,,ALL,2004,53800
CHE,,ALL,2005,61620
CHE,,ALL,2006,63990
CHE,,ALL,2007,62830
CHE,,ALL,2008,63190
CHE,,ALL,2009,70370
CHE,,ALL,2010,77570
CHE,,ALL,2011,79720
CHE,,ALL,2012,84880
CHE,,ALL,2013,88740
CHE,,ALL,2014,86560
CHE,,ALL,2015,85800
CHE,,ALL,2016,82110
CHE,,ALL,2017,81120
CHE,,ALL,2018,84410
,CIS,ALL,1992,2159.83
,CIS,ALL,1993,2023.59
,CIS,ALL,1994,1815.47
,CIS,ALL,1995,1785.95
,CIS,ALL,1996,1761.6
,CIS,ALL,1997,1801.17
,CIS,ALL,1998,1517.93
,CIS,ALL,1999,1291.44
,CIS,ALL,2000,1253.68
,CIS,ALL,2001,1291.38
,CIS,ALL,2002,1476.12
,CIS,ALL,2003,1801.11
,CIS,ALL,2004,2349.04
,CIS,ALL,2005,3024.39
,CIS,ALL,2006,3920.05
,CIS,ALL,2007,5076.06
,CIS,ALL,2008,6420.3
,CIS,ALL,2009,6264.17
,CIS,ALL,2010,6792.32
,CIS,ALL,2011,7462.21
,CIS,ALL,2012,8966.02
,CIS,ALL,2013,10094.58
,CIS,ALL,2014,9885.97
,CIS,ALL,2015,8130.12
,CIS,ALL,2016,6778.39
,CIS,ALL,2017,6382.49
,CIS,ALL,2018,6937.36
CYP,,ALL,1977,1530
CYP,,ALL,1978,1820
CYP,,ALL,1979,2410
CYP,,ALL,1980,3410
CYP,,ALL,1981,4070
CYP,,ALL,1982,4510
CYP,,ALL,1983,4220
CYP,,ALL,1984,4360
CYP,,ALL,1985,4480
CYP,,ALL,1986,5090
CYP,,ALL,1987,6450
CYP,,ALL,1988,8090
CYP,,ALL,1989,8770
CYP,,ALL,1990,9510
CYP,,ALL,1991,9670
CYP,,ALL,1992,11230
CYP,,ALL,1993,11190
CYP,,ALL,1994,11900
CYP,,ALL,1995,12820
CYP,,ALL,1996,13880
CYP,,ALL,1997,14280
CYP,,ALL,1998,15490
CYP,,ALL,1999,14340
CYP,,ALL,2000,14180
CYP,,ALL,2001,14170
CYP,,ALL,2002,14510
CYP,,ALL,2003,16710
CYP,,ALL,2004,20260
CYP,,ALL,2005,23990
CYP,,ALL,2006,25600
CYP,,ALL,2007,27340
CYP,,ALL,2008,31840
CYP,,ALL,2009,31260
CYP,,ALL,2010,31300
CYP,,ALL,2011,31480
CYP,,ALL,2012,28940
CYP,,ALL,2013,27220
CYP,,ALL,2014,26670
CYP,,ALL,2015,26380
CYP,,ALL,2016,24660
CYP,,ALL,2017,24140
CYP,,ALL,2018,26300
CZE,,ALL,1992,3340
CZE,,ALL,1993,3480
CZE,,ALL,1994,4140
CZE,,ALL,1995,5110
CZE,,ALL,1996,5950
CZE,,ALL,1997,6130
CZE,,ALL,1998,6080
CZE,,ALL,1999,6090
CZE,,ALL,2000,6330
CZE,,ALL,2001,6330
CZE,,ALL,2002,6630
CZE,,ALL,2003,8080
CZE,,ALL,2004,10230
CZE,,ALL,2005,12420
CZE,,ALL,2006,13950
CZE,,ALL,2007,15780
CZE,,ALL,2008,18340
CZE,,ALL,2009,18690
CZE,,ALL,2010,19280
CZE,,ALL,2011,19420
CZE,,ALL,2012,19350
CZE,,ALL,2013,19270
CZE,,ALL,2014,18800
CZE,,ALL,2015,18260
CZE,,ALL,2016,17590
CZE,,ALL,2017,17970
CZE,,ALL,2018,20240
DEU,,ALL,1972,3600
DEU,,ALL,1973,4670
DEU,,ALL,1974,5800
DEU,,ALL,1975,6720
DEU,,ALL,1976,7130
DEU,,ALL,1977,7670
DEU,,ALL,1978,8870
DEU,,ALL,1979,11050
DEU,,ALL,1980,13010
DEU,,ALL,1981,12540
DEU,,ALL,1982,11120
DEU,,ALL,1983,10020
DEU,,ALL,1984,9880
DEU,,ALL,1985,9840
DEU,,ALL,1986,11240
DEU,,ALL,1987,14240
DEU,,ALL,1988,18620
DEU,,ALL,1989,19760
DEU,,ALL,1990,21300
DEU,,ALL,1991,22890
DEU,,ALL,1992,25810
DEU,,ALL,1993,25990
DEU,,ALL,1994,27530
DEU,,ALL,1995,29520
DEU,,ALL,1996,30870
DEU,,ALL,1997,30140
DEU,,ALL,1998,27950
DEU,,ALL,1999,26840
DEU,,ALL,2000,26150
DEU,,ALL,2001,24740
DEU,,ALL,2002,23620
DEU,,ALL,2003,26070
DEU,,ALL,2004,31570
DEU,,ALL,2005,35710
DEU,,ALL,2006,38230
DEU,,ALL,2007,40440
DEU,,ALL,2008,43570
DEU,,ALL,2009,43520
DEU,,ALL,2010,44550
DEU,,ALL,2011,47220
DEU,,ALL,2012,46530
DEU,,ALL,2013,47190
DEU,,ALL,2014,47620
DEU,,ALL,2015,45850
DEU,,ALL,2016,44290
DEU,,ALL,2017,43640
DEU,,ALL,2018,47090
DNK,,ALL,1970,3310
DNK,,ALL,1971,3670
DNK,,ALL,1972,4310
DNK,,ALL,1973,5580
DNK,,ALL,1974,6800
DNK,,ALL,1975,8080
DNK,,ALL,1976,8960
DNK,,ALL,1977,9780
DNK,,ALL,1978,11170
DNK,,ALL,1979,13560
DNK,,ALL,1980,15090
DNK,,ALL,1981,14180
DNK,,ALL,1982,12860
DNK,,ALL,1983,11710
DNK,,ALL,1984,11520
DNK,,ALL,1985,11840
DNK,,ALL,1986,14070
DNK,,ALL,1987,17760
DNK,,ALL,1988,22130
DNK,,ALL,1989,23050
DNK,,ALL,1990,24370
DNK,,ALL,1991,25540
DNK,,ALL,1992,28700
DNK,,ALL,1993,28570
DNK,,ALL,1994,30360
DNK,,ALL,1995,32560
DNK,,ALL,1996,34770
DNK,,ALL,1997,35150
DNK,,ALL,1998,33460
DNK,,ALL,1999,33060
DNK,,ALL,2000,32580
DNK,,ALL,2001,31410
DNK,,ALL,2002,30850
DNK,,ALL,2003,34750
DNK,,ALL,2004,42640
DNK,,ALL,2005,49610
DNK,,ALL,2006,53540
DNK,,ALL,2007,55740
DNK,,ALL,2008,60390
DNK,,ALL,2009,60090
DNK,,ALL,2010,61220
DNK,,ALL,2011,61990
DNK,,ALL,2012,61650
DNK,,ALL,2013,63200
DNK,,ALL,2014,63670
DNK,,ALL,2015,60510
DNK,,ALL,2016,57880
DNK,,ALL,2017,56340
DNK,,ALL,2018,60140
ESP,,ALL,1970,1170
ESP,,ALL,1971,1310
ESP,,ALL,1972,1590
ESP,,ALL,1973,2090
ESP,,ALL,1974,2730
ESP,,ALL,1975,3240
ESP,,ALL,1976,3430
ESP,,ALL,1977,3640
ESP,,ALL,1978,4040
ESP,,ALL,1979,5010
ESP,,ALL,1980,6210
ESP,,ALL,1981,6310
ESP,,ALL,1982,5680
ESP,,ALL,1983,4860
ESP,,ALL,1984,4580
ESP,,ALL,1985,4550
ESP,,ALL,1986,5400
ESP,,ALL,1987,7110
ESP,,ALL,1988,9410
ESP,,ALL,1989,10700
ESP,,ALL,1990,12210
ESP,,ALL,1991,13700
ESP,,ALL,1992,15610
ESP,,ALL,1993,15010
ESP,,ALL,1994,14470
ESP,,ALL,1995,14830
ESP,,ALL,1996,15560
ESP,,ALL,1997,15820
ESP,,ALL,1998,15440
ESP,,ALL,1999,15480
ESP,,ALL,2000,15770
ESP,,ALL,2001,15520
ESP,,ALL,2002,15590
ESP,,ALL,2003,18030
ESP,,ALL,2004,22070
ESP,,ALL,2005,25870
ESP,,ALL,2006,27820
ESP,,ALL,2007,29740
ESP,,ALL,2008,32190
ESP,,ALL,2009,32460
ESP,,ALL,2010,31880
ESP,,ALL,2011,30950
ESP,,ALL,2012,29520
ESP,,ALL,2013,29210
ESP,,ALL,2014,29130
ESP,,ALL,2015,28430
ESP,,ALL,2016,27530
ESP,,ALL,2017,27040
ESP,,ALL,2018,29340
EST,,ALL,2000,4160
EST,,ALL,2001,4310
EST,,ALL,2002,4620
EST,,ALL,2003,5730
EST,,ALL,2004,7500
EST,,ALL,2005,9730
EST,,ALL,2006,11500
EST,,ALL,2007,13420
EST,,ALL,2008,15080
EST,,ALL,2009,14560
EST,,ALL,2010,14560
EST,,ALL,2011,15850
EST,,ALL,2012,16800
EST,,ALL,2013,18170
EST,,ALL,2014,18880
EST,,ALL,2015,18560
EST,,ALL,2016,18260
EST,,ALL,2017,18690
EST,,ALL,2018,21140
,EU_AFTER_MAY2004,ALL,1993,2739.92
,EU_AFTER_MAY2004,ALL,1994,2967.89
,EU_AFTER_MAY2004,ALL,1995,3305.75
,EU_AFTER_MAY2004,ALL,1996,3703.67
,EU_AFTER_MAY2004,ALL,1997,3900.61
,EU_AFTER_MAY2004,ALL,1998,3952.4
,EU_AFTER_MAY2004,ALL,1999,3999.5
,EU_AFTER_MAY2004,ALL,2000,4169.19
,EU_AFTER_MAY2004,ALL,2001,4249.08
,EU_AFTER_MAY2004,ALL,2002,4510.9
,EU_AFTER_MAY2004,ALL,2003,5278.36
,EU_AFTER_MAY2004,ALL,2004,6489.64
,EU_AFTER_MAY2004,ALL,2005,7857.59
,EU_AFTER_MAY2004,ALL,2006,8990.65
,EU_AFTER_MAY2004,ALL,2007,10449.95
,EU_AFTER_MAY2004,ALL,2008,12521.51
,EU_AFTER_MAY2004,ALL,2009,12868.18
,EU_AFTER_MAY2004,ALL,2010,12887.26
,EU_AFTER_MAY2004,ALL,2011,13038.08
,EU_AFTER_MAY2004,ALL,2012,13177.43
,EU_AFTER_MAY2004,ALL,2013,13471.59
,EU_AFTER_MAY2004,ALL,2014,13719.6
,EU_AFTER_MAY2004,ALL,2015,13380.84
,EU_AFTER_MAY2004,ALL,2016,12986.78
,EU_AFTER_MAY2004,ALL,2017,13084.89
,EU_AFTER_MAY2004,ALL,2018,14622
,EU_BEFORE_MAY2004,ALL,1970,2632.32
,EU_BEFORE_MAY2004,ALL,1971,2810.92
,EU_BEFORE_MAY2004,ALL,1972,3123.58
,EU_BEFORE_MAY2004,ALL,1973,3970.48
,EU_BEFORE_MAY2004,ALL,1974,4840.04
,EU_BEFORE_MAY2004,ALL,1975,5564.71
,EU_BEFORE_MAY2004,ALL,1976,5881.87
,EU_BEFORE_MAY2004,ALL,1977,6291.64
,EU_BEFORE_MAY2004,ALL,1978,7141.79
,EU_BEFORE_MAY2004,ALL,1979,8870.98
,EU_BEFORE_MAY2004,ALL,1980,10688.64
,EU_BEFORE_MAY2004,ALL,1981,10773.13
,EU_BEFORE_MAY2004,ALL,1982,9919.03
,EU_BEFORE_MAY2004,ALL,1983,8892.98
,EU_BEFORE_MAY2004,ALL,1984,8595.11
,EU_BEFORE_MAY2004,ALL,1985,8591.34
,EU_BEFORE_MAY2004,ALL,1986,9878.57
,EU_BEFORE_MAY2004,ALL,1987,12551.28
,EU_BEFORE_MAY2004,ALL,1988,16225.13
,EU_BEFORE_MAY2004,ALL,1989,17405.67
,EU_BEFORE_MAY2004,ALL,1990,18723.96
,EU_BEFORE_MAY2004,ALL,1991,19950.16
,EU_BEFORE_MAY2004,ALL,1992,22309.75
,EU_BEFORE_MAY2004,ALL,1993,21938.81
,EU_BEFORE_MAY2004,ALL,1994,22486.09
,EU_BEFORE_MAY2004,ALL,1995,23370.99
,EU_BEFORE_MAY2004,ALL,1996,24766.02
,EU_BEFORE_MAY2004,ALL,1997,25139.92
,EU_BEFORE_MAY2004,ALL,1998,24471.47
,EU_BEFORE_MAY2004,ALL,1999,24313.35
,EU_BEFORE_MAY2004,ALL,2000,24279.01
,EU_BEFORE_MAY2004,ALL,2001,23400.81
,EU_BEFORE_MAY2004,ALL,2002,22950.22
,EU_BEFORE_MAY2004,ALL,2003,25723.76
,EU_BEFORE_MAY2004,ALL,2004,31011.28
,EU_BEFORE_MAY2004,ALL,2005,35430.21
,EU_BEFORE_MAY2004,ALL,2006,37681.54
,EU_BEFORE_MAY2004,ALL,2007,39906.16
,EU_BEFORE_MAY2004,ALL,2008,42481.45
,EU_BEFORE_MAY2004,ALL,2009,41808.06
,EU_BEFORE_MAY2004,ALL,2010,41580.67
,EU_BEFORE_MAY2004,ALL,2011,42017.23
,EU_BEFORE_MAY2004,ALL,2012,41283.04
,EU_BEFORE_MAY2004,ALL,2013,41650.78
,EU_BEFORE_MAY2004,ALL,2014,41826.67
,EU_BEFORE_MAY2004,ALL,2015,40325.05
,EU_BEFORE_MAY2004,ALL,2016,38835.62
,EU_BEFORE_MAY2004,ALL,2017,38103
,EU_BEFORE_MAY2004,ALL,2018,40654.04
,EU_MEMBERS,ALL,1972,3013.82
,EU_MEMBERS,ALL,1973,3666.62
,EU_MEMBERS,ALL,1974,4335.46
,EU_MEMBERS,ALL,1975,4892.4
,EU_MEMBERS,ALL,1976,5135.6
,EU_MEMBERS,ALL,1977,5447.96
,EU_MEMBERS,ALL,1978,6099.36
,EU_MEMBERS,ALL,1979,7424.06
,EU_MEMBERS,ALL,1980,8823.01
,EU_MEMBERS,ALL,1981,8884.69
,EU_MEMBERS,ALL,1982,8222.77
,EU_MEMBERS,ALL,1983,7425.83
,EU_MEMBERS,ALL,1984,7192.33
,EU_MEMBERS,ALL,1985,7185.19
,EU_MEMBERS,ALL,1986,8172.54
,EU_MEMBERS,ALL,1987,10225.03
,EU_MEMBERS,ALL,1988,13041.49
,EU_MEMBERS,ALL,1989,13943.14
,EU_MEMBERS,ALL,1990,14954.5
,EU_MEMBERS,ALL,1991,15890.93
,EU_MEMBERS,ALL,1992,17733.09
,EU_MEMBERS,ALL,1993,17493.95
,EU_MEMBERS,ALL,1994,17979.01
,EU_MEMBERS,ALL,1995,18751.53
,EU_MEMBERS,ALL,1996,19942.03
,EU_MEMBERS,ALL,1997,20287.59
,EU_MEMBERS,ALL,1998,19798.92
,EU_MEMBERS,ALL,1999,19697.74
,EU_MEMBERS,ALL,2000,19745.4
,EU_MEMBERS,ALL,2001,19107.97
,EU_MEMBERS,ALL,2002,18857.65
,EU_MEMBERS,ALL,2003,21214.61
,EU_MEMBERS,ALL,2004,25636.59
,EU_MEMBERS,ALL,2005,29413.38
,EU_MEMBERS,ALL,2006,31464.07
,EU_MEMBERS,ALL,2007,33556.79
,EU_MEMBERS,ALL,2008,36051.86
,EU_MEMBERS,ALL,2009,35618.45
,EU_MEMBERS,ALL,2010,35473.53
,EU_MEMBERS,ALL,2011,35870.03
,EU_MEMBERS,ALL,2012,35362.93
,EU_MEMBERS,ALL,2013,35677.57
,EU_MEMBERS,ALL,2014,35967.31
,EU_MEMBERS,ALL,2015,34749.1
,EU_MEMBERS,ALL,2016,33508.7
,EU_MEMBERS,ALL,2017,32852.62
,EU_MEMBERS,ALL,2018,35199.29
FIN,,ALL,1970,2470
FIN,,ALL,1971,2690
FIN,,ALL,1972,3170
FIN,,ALL,1973,4030
FIN,,ALL,1974,5130
FIN,,ALL,1975,6320
FIN,,ALL,1976,6840
FIN,,ALL,1977,7190
FIN,,ALL,1978,7910
FIN,,ALL,1979,9540
FIN,,ALL,1980,11450
FIN,,ALL,1981,11980
FIN,,ALL,1982,11690
FIN,,ALL,1983,10830
FIN,,ALL,1984,10790
FIN,,ALL,1985,11130
FIN,,ALL,1986,13010
FIN,,ALL,1987,16470
FIN,,ALL,1988,21530
FIN,,ALL,1989,24100
FIN,,ALL,1990,26000
FIN,,ALL,1991,25090
FIN,,ALL,1992,24170
FIN,,ALL,1993,20680
FIN,,ALL,1994,20170
FIN,,ALL,1995,22030
FIN,,ALL,1996,24970
FIN,,ALL,1997,26680
FIN,,ALL,1998,25820
FIN,,ALL,1999,26040
FIN,,ALL,2000,26450
FIN,,ALL,2001,25810
FIN,,ALL,2002,25550
FIN,,ALL,2003,28720
FIN,,ALL,2004,35270
FIN,,ALL,2005,40170
FIN,,ALL,2006,42800
FIN,,ALL,2007,46160
FIN,,ALL,2008,50070
FIN,,ALL,2009,48800
FIN,,ALL,2010,49600
FIN,,ALL,2011,50150
FIN,,ALL,2012,48940
FIN,,ALL,2013,49480
FIN,,ALL,2014,49390
FIN,,ALL,2015,47160
FIN,,ALL,2016,45480
FIN,,ALL,2017,44680
FIN,,ALL,2018,48280
FRA,,ALL,1970,3020
FRA,,ALL,1971,3250
FRA,,ALL,1972,3670
FRA,,ALL,1973,4690
FRA,,ALL,1974,5790
FRA,,ALL,1975,6720
FRA,,ALL,1976,7140
FRA,,ALL,1977,7810
FRA,,ALL,1978,8830
FRA,,ALL,1979,10820
FRA,,ALL,1980,13080
FRA,,ALL,1981,13190
FRA,,ALL,1982,12040
FRA,,ALL,1983,10450
FRA,,ALL,1984,9820
FRA,,ALL,1985,9770
FRA,,ALL,1986,11330
FRA,,ALL,1987,14460
FRA,,ALL,1988,18520
FRA,,ALL,1989,19490
FRA,,ALL,1990,20640
FRA,,ALL,1991,21420
FRA,,ALL,1992,23840
FRA,,ALL,1993,23580
FRA,,ALL,1994,24380
FRA,,ALL,1995,25740
FRA,,ALL,1996,27110
FRA,,ALL,1997,26930
FRA,,ALL,1998,25830
FRA,,ALL,1999,25420
FRA,,ALL,2000,24970
FRA,,ALL,2001,23840
FRA,,ALL,2002,23090
FRA,,ALL,2003,25930
FRA,,ALL,2004,31360
FRA,,ALL,2005,35870
FRA,,ALL,2006,37850
FRA,,ALL,2007,40130
FRA,,ALL,2008,43460
FRA,,ALL,2009,43930
FRA,,ALL,2010,43850
FRA,,ALL,2011,44350
FRA,,ALL,2012,43380
FRA,,ALL,2013,43780
FRA,,ALL,2014,43320
FRA,,ALL,2015,41080
FRA,,ALL,2016,38990
FRA,,ALL,2017,38330
FRA,,ALL,2018,41080
GBR,,ALL,1970,2470
GBR,,ALL,1971,2760
GBR,,ALL,1972,3200
GBR,,ALL,1973,3900
GBR,,ALL,1974,4360
GBR,,ALL,1975,4870
GBR,,ALL,1976,5010
GBR,,ALL,1977,5220
GBR,,ALL,1978,5930
GBR,,ALL,1979,7560
GBR,,ALL,1980,9530
GBR,,ALL,1981,10640
GBR,,ALL,1982,10640
GBR,,ALL,1983,9840
GBR,,ALL,1984,9250
GBR,,ALL,1985,9140
GBR,,ALL,1986,10230
GBR,,ALL,1987,12670
GBR,,ALL,1988,16130
GBR,,ALL,1989,17350
GBR,,ALL,1990,18530
GBR,,ALL,1991,19350
GBR,,ALL,1992,21440
GBR,,ALL,1993,21320
GBR,,ALL,1994,21860
GBR,,ALL,1995,21230
GBR,,ALL,1996,22880
GBR,,ALL,1997,25290
GBR,,ALL,1998,26840
GBR,,ALL,1999,28150
GBR,,ALL,2000,29220
GBR,,ALL,2001,29020
GBR,,ALL,2002,29260
GBR,,ALL,2003,32300
GBR,,ALL,2004,37860
GBR,,ALL,2005,42890
GBR,,ALL,2006,45230
GBR,,ALL,2007,47650
GBR,,ALL,2008,48580
GBR,,ALL,2009,44220
GBR,,ALL,2010,41650
GBR,,ALL,2011,41070
GBR,,ALL,2012,41700
GBR,,ALL,2013,42740
GBR,,ALL,2014,44320
GBR,,ALL,2015,44280
GBR,,ALL,2016,42990
GBR,,ALL,2017,41370
GBR,,ALL,2018,41770
GEO,,ALL,1992,750
GEO,,ALL,1993,540
GEO,,ALL,1994,510
GEO,,ALL,1995,550
GEO,,ALL,1996,670
GEO,,ALL,1997,820
GEO,,ALL,1998,870
GEO,,ALL,1999,840
GEO,,ALL,2000,810
GEO,,ALL,2001,780
GEO,,ALL,2002,850
GEO,,ALL,2003,990
GEO,,ALL,2004,1210
GEO,,ALL,2005,1520
GEO,,ALL,2006,1910
GEO,,ALL,2007,2380
GEO,,ALL,2008,2800
GEO,,ALL,2009,2930
GEO,,ALL,2010,3170
GEO,,ALL,2011,3520
GEO,,ALL,2012,4160
GEO,,ALL,2013,4530
GEO,,ALL,2014,4760
GEO,,ALL,2015,4400
GEO,,ALL,2016,4080
GEO,,ALL,2017,4030
GEO,,ALL,2018,4440
GRC,,ALL,1970,1540
GRC,,ALL,1971,1720
GRC,,ALL,1972,2000
GRC,,ALL,1973,2490
GRC,,ALL,1974,2850
GRC,,ALL,1975,3480
GRC,,ALL,1976,3750
GRC,,ALL,1977,3940
GRC,,ALL,1978,4600
GRC,,ALL,1979,5650
GRC,,ALL,1980,6500
GRC,,ALL,1981,6370
GRC,,ALL,1982,5910
GRC,,ALL,1983,5280
GRC,,ALL,1984,5140
GRC,,ALL,1985,5010
GRC,,ALL,1986,5360
GRC,,ALL,1987,6130
GRC,,ALL,1988,7590
GRC,,ALL,1989,8310
GRC,,ALL,1990,8970
GRC,,ALL,1991,9850
GRC,,ALL,1992,11200
GRC,,ALL,1993,11140
GRC,,ALL,1994,11610
GRC,,ALL,1995,12410
GRC,,ALL,1996,13430
GRC,,ALL,1997,14100
GRC,,ALL,1998,13810
GRC,,ALL,1999,13380
GRC,,ALL,2000,13330
GRC,,ALL,2001,13070
GRC,,ALL,2002,13150
GRC,,ALL,2003,15700
GRC,,ALL,2004,19580
GRC,,ALL,2005,22760
GRC,,ALL,2006,24550
GRC,,ALL,2007,26350
GRC,,ALL,2008,28660
GRC,,ALL,2009,29330
GRC,,ALL,2010,27660
GRC,,ALL,2011,24930
GRC,,ALL,2012,23500
GRC,,ALL,2013,22540
GRC,,ALL,2014,22180
GRC,,ALL,2015,20320
GRC,,ALL,2016,18890
GRC,,ALL,2017,18340
GRC,,ALL,2018,19770
HRV,,ALL,2000,5220
HRV,,ALL,2001,5320
HRV,,ALL,2002,5610
HRV,,ALL,2003,6670
HRV,,ALL,2004,8520
HRV,,ALL,2005,10170
HRV,,ALL,2006,11320
HRV,,ALL,2007,12710
HRV,,ALL,2008,14310
HRV,,ALL,2009,14130
HRV,,ALL,2010,14080
HRV,,ALL,2011,14010
HRV,,ALL,2012,13400
HRV,,ALL,2013,13520
HRV,,ALL,2014,13270
HRV,,ALL,2015,12970
HRV,,ALL,2016,12390
HRV,,ALL,2017,12640
HRV,,ALL,2018,14000
HUN,,ALL,1993,3660
HUN,,ALL,1994,4030
HUN,,ALL,1995,4250
HUN,,ALL,1996,4370
HUN,,ALL,1997,4400
HUN,,ALL,1998,4410
HUN,,ALL,1999,4490
HUN,,ALL,2000,4620
HUN,,ALL,2001,4790
HUN,,ALL,2002,5290
HUN,,ALL,2003,6650
HUN,,ALL,2004,8640
HUN,,ALL,2005,10360
HUN,,ALL,2006,11250
HUN,,ALL,2007,11790
HUN,,ALL,2008,13230
HUN,,ALL,2009,13380
HUN,,ALL,2010,13190
HUN,,ALL,2011,13170
HUN,,ALL,2012,12990
HUN,,ALL,2013,13480
HUN,,ALL,2014,13540
HUN,,ALL,2015,13220
HUN,,ALL,2016,13050
HUN,,ALL,2017,13080
HUN,,ALL,2018,14780
IRL,,ALL,1972,2070
IRL,,ALL,1973,2540
IRL,,ALL,1974,2990
IRL,,ALL,1975,3390
IRL,,ALL,1976,3280
IRL,,ALL,1977,3580
IRL,,ALL,1978,4120
IRL,,ALL,1979,5120
IRL,,ALL,1980,6380
IRL,,ALL,1981,6780
IRL,,ALL,1982,6390
IRL,,ALL,1983,5720
IRL,,ALL,1984,5610
IRL,,ALL,1985,5630
IRL,,ALL,1986,6370
IRL,,ALL,1987,8220
IRL,,ALL,1988,10420
IRL,,ALL,1989,11100
IRL,,ALL,1990,12560
IRL,,ALL,1991,13130
IRL,,ALL,1992,14440
IRL,,ALL,1993,14600
IRL,,ALL,1994,15480
IRL,,ALL,1995,16920
IRL,,ALL,1996,18880
IRL,,ALL,1997,20660
IRL,,ALL,1998,21440
IRL,,ALL,1999,22650
IRL,,ALL,2000,24080
IRL,,ALL,2001,24020
IRL,,ALL,2002,24830
IRL,,ALL,2003,29890
IRL,,ALL,2004,37690
IRL,,ALL,2005,44530
IRL,,ALL,2006,47910
IRL,,ALL,2007,50530
IRL,,ALL,2008,50920
IRL,,ALL,2009,46810
IRL,,ALL,2010,44870
IRL,,ALL,2011,41990
IRL,,ALL,2012,40620
IRL,,ALL,2013,43550
IRL,,ALL,2014,46450
IRL,,ALL,2015,50260
IRL,,ALL,2016,52860
IRL,,ALL,2017,53050
IRL,,ALL,2018,61390
ISL,,ALL,1970,2650
ISL,,ALL,1971,3080
ISL,,ALL,1972,3740
ISL,,ALL,1973,4960
ISL,,ALL,1974,6690
ISL,,ALL,1975,7490
ISL,,ALL,1976,7970
ISL,,ALL,1977,9010
ISL,,ALL,1978,10860
ISL,,ALL,1979,13180
ISL,,ALL,1980,15440
ISL,,ALL,1981,16240
ISL,,ALL,1982,15100
ISL,,ALL,1983,12580
ISL,,ALL,1984,11900
ISL,,ALL,1985,11930
ISL,,ALL,1986,14250
ISL,,ALL,1987,19100
ISL,,ALL,1988,23470
ISL,,ALL,1989,24210
ISL,,ALL,1990,24810
ISL,,ALL,1991,25260
ISL,,ALL,1992,26510
ISL,,ALL,1993,26100
ISL,,ALL,1994,25660
ISL,,ALL,1995,25490
ISL,,ALL,1996,27320
ISL,,ALL,1997,28090
ISL,,ALL,1998,29070
ISL,,ALL,1999,30400
ISL,,ALL,2000,31550
ISL,,ALL,2001,30710
ISL,,ALL,2002,30930
ISL,,ALL,2003,33720
ISL,,ALL,2004,42030
ISL,,ALL,2005,50700
ISL,,ALL,2006,53610
ISL,,ALL,2007,61930
ISL,,ALL,2008,50100
ISL,,ALL,2009,41850
ISL,,ALL,2010,36250
ISL,,ALL,2011,37590
ISL,,ALL,2012,40680
ISL,,ALL,2013,46960
ISL,,ALL,2014,48230
ISL,,ALL,2015,50150
ISL,,ALL,2016,55120
ISL,,ALL,2017,60740
ISL,,ALL,2018,67960
ISR,,ALL,1970,2030
ISR,,ALL,1971,2290
ISR,,ALL,1972,2760
ISR,,ALL,1973,3170
ISR,,ALL,1974,4250
ISR,,ALL,1975,4860
ISR,,ALL,1976,4740
ISR,,ALL,1977,4610
ISR,,ALL,1978,4810
ISR,,ALL,1979,5610
ISR,,ALL,1980,6070
ISR,,ALL,1981,6720
ISR,,ALL,1982,6590
ISR,,ALL,1983,6600
ISR,,ALL,1984,6520
ISR,,ALL,1985,6500
ISR,,ALL,1986,7080
ISR,,ALL,1987,8480
ISR,,ALL,1988,10410
ISR,,ALL,1989,10920
ISR,,ALL,1990,12120
ISR,,ALL,1991,12870
ISR,,ALL,1992,14390
ISR,,ALL,1993,14760
ISR,,ALL,1994,15660
ISR,,ALL,1995,17010
ISR,,ALL,1996,18280
ISR,,ALL,1997,18870
ISR,,ALL,1998,18710
ISR,,ALL,1999,18400
ISR,,ALL,2000,19140
ISR,,ALL,2001,19220
ISR,,ALL,2002,18550
ISR,,ALL,2003,18630
ISR,,ALL,2004,19900
ISR,,ALL,2005,21410
ISR,,ALL,2006,22300
ISR,,ALL,2007,23950
ISR,,ALL,2008,26120
ISR,,ALL,2009,27260
ISR,,ALL,2010,29660
ISR,,ALL,2011,31500
ISR,,ALL,2012,32220
ISR,,ALL,2013,34310
ISR,,ALL,2014,35960
ISR,,ALL,2015,36030
ISR,,ALL,2016,36360
ISR,,ALL,2017,37420
ISR,,ALL,2018,40920
ITA,,ALL,1970,2060
ITA,,ALL,1971,2250
ITA,,ALL,1972,2620
ITA,,ALL,1973,3250
ITA,,ALL,1974,3930
ITA,,ALL,1975,4320
ITA,,ALL,1976,4510
ITA,,ALL,1977,4730
ITA,,ALL,1978,5270
ITA,,ALL,1979,6740
ITA,,ALL,1980,8430
ITA,,ALL,1981,8710
ITA,,ALL,1982,8220
ITA,,ALL,1983,7630
ITA,,ALL,1984,7760
ITA,,ALL,1985,8030
ITA,,ALL,1986,9380
ITA,,ALL,1987,12160
ITA,,ALL,1988,15950
ITA,,ALL,1989,17300
ITA,,ALL,1990,18660
ITA,,ALL,1991,20370
ITA,,ALL,1992,22960
ITA,,ALL,1993,21590
ITA,,ALL,1994,20860
ITA,,ALL,1995,20670
ITA,,ALL,1996,21830
ITA,,ALL,1997,22300
ITA,,ALL,1998,22220
ITA,,ALL,1999,21990
ITA,,ALL,2000,21890
ITA,,ALL,2001,21170
ITA,,ALL,2002,20710
ITA,,ALL,2003,23350
ITA,,ALL,2004,28270
ITA,,ALL,2005,32430
ITA,,ALL,2006,34250
ITA,,ALL,2007,35900
ITA,,ALL,2008,37910
ITA,,ALL,2009,37870
ITA,,ALL,2010,37850
ITA,,ALL,2011,37900
ITA,,ALL,2012,36200
ITA,,ALL,2013,35550
ITA,,ALL,2014,34890
ITA,,ALL,2015,32980
ITA,,ALL,2016,31940
ITA,,ALL,2017,31340
ITA,,ALL,2018,33730
KAZ,,ALL,1993,1430
KAZ,,ALL,1994,1310
KAZ,,ALL,1995,1280
KAZ,,ALL,1996,1340
KAZ,,ALL,1997,1390
KAZ,,ALL,1998,1390
KAZ,,ALL,1999,1290
KAZ,,ALL,2000,1260
KAZ,,ALL,2001,1350
KAZ,,ALL,2002,1520
KAZ,,ALL,2003,1800
KAZ,,ALL,2004,2300
KAZ,,ALL,2005,2950
KAZ,,ALL,2006,3860
KAZ,,ALL,2007,4980
KAZ,,ALL,2008,6150
KAZ,,ALL,2009,6780
KAZ,,ALL,2010,7440
KAZ,,ALL,2011,8280
KAZ,,ALL,2012,9940
KAZ,,ALL,2013,11840
KAZ,,ALL,2014,12090
KAZ,,ALL,2015,11420
KAZ,,ALL,2016,8800
KAZ,,ALL,2017,8040
KAZ,,ALL,2018,8070
KGZ,,ALL,1992,520
KGZ,,ALL,1993,450
KGZ,,ALL,1994,370
KGZ,,ALL,1995,360
KGZ,,ALL,1996,390
KGZ,,ALL,1997,390
KGZ,,ALL,1998,360
KGZ,,ALL,1999,300
KGZ,,ALL,2000,280
KGZ,,ALL,2001,280
KGZ,,ALL,2002,290
KGZ,,ALL,2003,340
KGZ,,ALL,2004,400
KGZ,,ALL,2005,450
KGZ,,ALL,2006,500
KGZ,,ALL,2007,610
KGZ,,ALL,2008,760
KGZ,,ALL,2009,860
KGZ,,ALL,2010,850
KGZ,,ALL,2011,880
KGZ,,ALL,2012,1040
KGZ,,ALL,2013,1190
KGZ,,ALL,2014,1250
KGZ,,ALL,2015,1180
KGZ,,ALL,2016,1110
KGZ,,ALL,2017,1110
KGZ,,ALL,2018,1220
LTU,,ALL,1997,2600
LTU,,ALL,1998,2860
LTU,,ALL,1999,2980
LTU,,ALL,2000,3210
LTU,,ALL,2001,3460
LTU,,ALL,2002,3830
LTU,,ALL,2003,4700
LTU,,ALL,2004,6040
LTU,,ALL,2005,7600
LTU,,ALL,2006,8820
LTU,,ALL,2007,10620
LTU,,ALL,2008,12660
LTU,,ALL,2009,12430
LTU,,ALL,2010,12560
LTU,,ALL,2011,13290
LTU,,ALL,2012,14070
LTU,,ALL,2013,15300
LTU,,ALL,2014,16040
LTU,,ALL,2015,15170
LTU,,ALL,2016,14870
LTU,,ALL,2017,15240
LTU,,ALL,2018,17430
LUX,,ALL,1970,3030
LUX,,ALL,1971,3350
LUX,,ALL,1972,4070
LUX,,ALL,1973,5230
LUX,,ALL,1974,6890
LUX,,ALL,1975,7930
LUX,,ALL,1976,8510
LUX,,ALL,1977,9080
LUX,,ALL,1978,10650
LUX,,ALL,1979,12940
LUX,,ALL,1980,15480
LUX,,ALL,1981,15490
LUX,,ALL,1982,14930
LUX,,ALL,1983,13490
LUX,,ALL,1984,13060
LUX,,ALL,1985,13130
LUX,,ALL,1986,15610
LUX,,ALL,1987,20090
LUX,,ALL,1988,26020
LUX,,ALL,1989,28700
LUX,,ALL,1990,31500
LUX,,ALL,1991,35370
LUX,,ALL,1992,39210
LUX,,ALL,1993,40270
LUX,,ALL,1994,41570
LUX,,ALL,1995,46020
LUX,,ALL,1996,48610
LUX,,ALL,1997,50650
LUX,,ALL,1998,47100
LUX,,ALL,1999,46470
LUX,,ALL,2000,46460
LUX,,ALL,2001,45630
LUX,,ALL,2002,42630
LUX,,ALL,2003,46000
LUX,,ALL,2004,62800
LUX,,ALL,2005,73810
LUX,,ALL,2006,71580
LUX,,ALL,2007,86210
LUX,,ALL,2008,88000
LUX,,ALL,2009,71220
LUX,,ALL,2010,78220
LUX,,ALL,2011,76260
LUX,,ALL,2012,75450
LUX,,ALL,2013,75500
LUX,,ALL,2014,76470
LUX,,ALL,2015,72470
LUX,,ALL,2016,68670
LUX,,ALL,2017,66380
LUX,,ALL,2018,70870
LVA,,ALL,1997,2710
LVA,,ALL,1998,2860
LVA,,ALL,1999,2980
LVA,,ALL,2000,3310
LVA,,ALL,2001,3590
LVA,,ALL,2002,3920
LVA,,ALL,2003,4660
LVA,,ALL,2004,5810
LVA,,ALL,2005,7350
LVA,,ALL,2006,8880
LVA,,ALL,2007,11160
LVA,,ALL,2008,13440
LVA,,ALL,2009,14040
LVA,,ALL,2010,12580
LVA,,ALL,2011,13110
LVA,,ALL,2012,13810
LVA,,ALL,2013,14890
LVA,,ALL,2014,15300
LVA,,ALL,2015,15010
LVA,,ALL,2016,14600
LVA,,ALL,2017,14710
LVA,,ALL,2018,16510
MDA,,ALL,1997,500
MDA,,ALL,1998,470
MDA,,ALL,1999,410
MDA,,ALL,2000,380
MDA,,ALL,2001,400
MDA,,ALL,2002,460
MDA,,ALL,2003,570
MDA,,ALL,2004,730
MDA,,ALL,2005,890
MDA,,ALL,2006,1030
MDA,,ALL,2007,1160
MDA,,ALL,2008,1500
MDA,,ALL,2009,1570
MDA,,ALL,2010,1910
MDA,,ALL,2011,2190
MDA,,ALL,2012,2520
MDA,,ALL,2013,2910
MDA,,ALL,2014,3010
MDA,,ALL,2015,2630
MDA,,ALL,2016,2510
MDA,,ALL,2017,2590
MDA,,ALL,2018,2980
MKD,,ALL,1992,1750
MKD,,ALL,1993,1460
MKD,,ALL,1994,1400
MKD,,ALL,1995,1790
MKD,,ALL,1996,2190
MKD,,ALL,1997,2210
MKD,,ALL,1998,2010
MKD,,ALL,1999,1910
MKD,,ALL,2000,1910
MKD,,ALL,2001,1820
MKD,,ALL,2002,1820
MKD,,ALL,2003,2090
MKD,,ALL,2004,2560
MKD,,ALL,2005,2990
MKD,,ALL,2006,3310
MKD,,ALL,2007,3580
MKD,,ALL,2008,4330
MKD,,ALL,2009,4610
MKD,,ALL,2010,4700
MKD,,ALL,2011,4810
MKD,,ALL,2012,4740
MKD,,ALL,2013,5000
MKD,,ALL,2014,5200
MKD,,ALL,2015,5110
MKD,,ALL,2016,4980
MKD,,ALL,2017,4890
MKD,,ALL,2018,5450
MLT,,ALL,1972,1090
MLT,,ALL,1973,1260
MLT,,ALL,1974,1560
MLT,,ALL,1975,1990
MLT,,ALL,1976,2120
MLT,,ALL,1977,2320
MLT,,ALL,1978,2660
MLT,,ALL,1979,3300
MLT,,ALL,1980,4280
MLT,,ALL,1981,4670
MLT,,ALL,1982,4550
MLT,,ALL,1983,3940
MLT,,ALL,1984,3830
MLT,,ALL,1985,3690
MLT,,ALL,1986,4000
MLT,,ALL,1987,4930
MLT,,ALL,1988,6260
MLT,,ALL,1989,6910
MLT,,ALL,1990,7600
MLT,,ALL,1991,7940
MLT,,ALL,1992,8720
MLT,,ALL,1993,8570
MLT,,ALL,1994,8600
MLT,,ALL,1995,8990
MLT,,ALL,1996,9490
MLT,,ALL,1997,9890
MLT,,ALL,1998,9810
MLT,,ALL,1999,10510
MLT,,ALL,2000,10920
MLT,,ALL,2001,11160
MLT,,ALL,2002,11380
MLT,,ALL,2003,12510
MLT,,ALL,2004,14300
MLT,,ALL,2005,15660
MLT,,ALL,2006,16310
MLT,,ALL,2007,17720
MLT,,ALL,2008,19950
MLT,,ALL,2009,19520
MLT,,ALL,2010,20540
MLT,,ALL,2011,21420
MLT,,ALL,2012,21650
MLT,,ALL,2013,22680
MLT,,ALL,2014,24240
MLT,,ALL,2015,24700
MLT,,ALL,2016,23590
MLT,,ALL,2017,23840
MLT,,ALL,2018,26480
MNE,,ALL,2002,1970
MNE,,ALL,2003,2440
MNE,,ALL,2004,3100
MNE,,ALL,2005,3660
MNE,,ALL,2006,4320
MNE,,ALL,2007,5120
MNE,,ALL,2008,6470
MNE,,ALL,2009,6740
MNE,,ALL,2010,6920
MNE,,ALL,2011,7250
MNE,,ALL,2012,7000
MNE,,ALL,2013,7330
MNE,,ALL,2014,7320
MNE,,ALL,2015,7250
MNE,,ALL,2016,7090
MNE,,ALL,2017,7400
MNE,,ALL,2018,8430
NLD,,ALL,1970,2890
NLD,,ALL,1971,3290
NLD,,ALL,1972,3850
NLD,,ALL,1973,5070
NLD,,ALL,1974,6370
NLD,,ALL,1975,7630
NLD,,ALL,1976,8350
NLD,,ALL,1977,9100
NLD,,ALL,1978,10460
NLD,,ALL,1979,12760
NLD,,ALL,1980,14830
NLD,,ALL,1981,14000
NLD,,ALL,1982,12350
NLD,,ALL,1983,11070
NLD,,ALL,1984,10730
NLD,,ALL,1985,10330
NLD,,ALL,1986,11690
NLD,,ALL,1987,14720
NLD,,ALL,1988,18570
NLD,,ALL,1989,19540
NLD,,ALL,1990,20320
NLD,,ALL,1991,21280
NLD,,ALL,1992,23520
NLD,,ALL,1993,24040
NLD,,ALL,1994,25370
NLD,,ALL,1995,27690
NLD,,ALL,1996,29750
NLD,,ALL,1997,29800
NLD,,ALL,1998,28260
NLD,,ALL,1999,28670
NLD,,ALL,2000,28810
NLD,,ALL,2001,27390
NLD,,ALL,2002,27020
NLD,,ALL,2003,30950
NLD,,ALL,2004,37280
NLD,,ALL,2005,42050
NLD,,ALL,2006,45910
NLD,,ALL,2007,49110
NLD,,ALL,2008,52670
NLD,,ALL,2009,53670
NLD,,ALL,2010,53900
NLD,,ALL,2011,54480
NLD,,ALL,2012,52930
NLD,,ALL,2013,52950
NLD,,ALL,2014,51980
NLD,,ALL,2015,49810
NLD,,ALL,2016,46900
NLD,,ALL,2017,47110
NLD,,ALL,2018,51260
NOR,,ALL,1970,3120
NOR,,ALL,1971,3570
NOR,,ALL,1972,4230
NOR,,ALL,1973,5320
NOR,,ALL,1974,6750
NOR,,ALL,1975,8380
NOR,,ALL,1976,9150
NOR,,ALL,1977,9960
NOR,,ALL,1978,11110
NOR,,ALL,1979,13110
NOR,,ALL,1980,15650
NOR,,ALL,1981,16420
NOR,,ALL,1982,15750
NOR,,ALL,1983,14940
NOR,,ALL,1984,15150
NOR,,ALL,1985,15710
NOR,,ALL,1986,17550
NOR,,ALL,1987,20830
NOR,,ALL,1988,23970
NOR,,ALL,1989,25080
NOR,,ALL,1990,26510
NOR,,ALL,1991,27830
NOR,,ALL,1992,30790
NOR,,ALL,1993,30220
NOR,,ALL,1994,30860
NOR,,ALL,1995,32700
NOR,,ALL,1996,35800
NOR,,ALL,1997,37920
NOR,,ALL,1998,36110
NOR,,ALL,1999,35550
NOR,,ALL,2000,36570
NOR,,ALL,2001,38250
NOR,,ALL,2002,39880
NOR,,ALL,2003,44750
NOR,,ALL,2004,54110
NOR,,ALL,2005,63790
NOR,,ALL,2006,69990
NOR,,ALL,2007,78500
NOR,,ALL,2008,87520
NOR,,ALL,2009,87910
NOR,,ALL,2010,88560
NOR,,ALL,2011,90420
NOR,,ALL,2012,99220
NOR,,ALL,2013,104330
NOR,,ALL,2014,104560
NOR,,ALL,2015,93110
NOR,,ALL,2016,81810
NOR,,ALL,2017,76210
NOR,,ALL,2018,80610
,NORDIC,ALL,1970,3603.54
,NORDIC,ALL,1971,3929.89
,NORDIC,ALL,1972,4553.53
,NORDIC,ALL,1973,5742.03
,NORDIC,ALL,1974,7092.78
,NORDIC,ALL,1975,8522.75
,NORDIC,ALL,1976,9184.54
,NORDIC,ALL,1977,9813.26
,NORDIC,ALL,1978,10941.12
,NORDIC,ALL,1979,13076.26
,NORDIC,ALL,1980,15238.12
,NORDIC,ALL,1981,15374.93
,NORDIC,ALL,1982,14226.64
,NORDIC,ALL,1983,12795.1
,NORDIC,ALL,1984,12579.5
,NORDIC,ALL,1985,12849.03
,NORDIC,ALL,1986,14941.06
,NORDIC,ALL,1987,18645
,NORDIC,ALL,1988,23109.1
,NORDIC,ALL,1989,24779.77
,NORDIC,ALL,1990,26368.63
,NORDIC,ALL,1991,27178.63
,NORDIC,ALL,1992,29059.84
,NORDIC,ALL,1993,27010.07
,NORDIC,ALL,1994,27218.67
,NORDIC,ALL,1995,28579.27
,NORDIC,ALL,1996,31153.75
,NORDIC,ALL,1997,32376.4
,NORDIC,ALL,1998,31392.98
,NORDIC,ALL,1999,31264
,NORDIC,ALL,2000,31573.29
,NORDIC,ALL,2001,30794.23
,NORDIC,ALL,2002,30698.04
,NORDIC,ALL,2003,34512.75
,NORDIC,ALL,2004,42068.31
,NORDIC,ALL,2005,48766.72
,NORDIC,ALL,2006,52621.47
,NORDIC,ALL,2007,56697.75
,NORDIC,ALL,2008,61420.7
,NORDIC,ALL,2009,59986.52
,NORDIC,ALL,2010,61260.99
,NORDIC,ALL,2011,62691.83
,NORDIC,ALL,2012,65018.87
,NORDIC,ALL,2013,67557.2
,NORDIC,ALL,2014,67775.09
,NORDIC,ALL,2015,63191.73
,NORDIC,ALL,2016,58732.19
,NORDIC,ALL,2017,56594.21
,NORDIC,ALL,2018,60090.83
POL,,ALL,1992,2090
POL,,ALL,1993,2480
POL,,ALL,1994,2800
POL,,ALL,1995,3240
POL,,ALL,1996,3830
POL,,ALL,1997,4230
POL,,ALL,1998,4350
POL,,ALL,1999,4430
POL,,ALL,2000,4660
POL,,ALL,2001,4700
POL,,ALL,2002,4890
POL,,ALL,2003,5490
POL,,ALL,2004,6260
POL,,ALL,2005,7340
POL,,ALL,2006,8460
POL,,ALL,2007,9940
POL,,ALL,2008,11990
POL,,ALL,2009,12510
POL,,ALL,2010,12730
POL,,ALL,2011,12900
POL,,ALL,2012,13220
POL,,ALL,2013,13480
POL,,ALL,2014,13640
POL,,ALL,2015,13320
POL,,ALL,2016,12710
POL,,ALL,2017,12730
POL,,ALL,2018,14100
PRT,,ALL,1970,950
PRT,,ALL,1971,1070
PRT,,ALL,1972,1270
PRT,,ALL,1973,1700
PRT,,ALL,1974,2070
PRT,,ALL,1975,2210
PRT,,ALL,1976,2330
PRT,,ALL,1977,2430
PRT,,ALL,1978,2530
PRT,,ALL,1979,2870
PRT,,ALL,1980,3350
PRT,,ALL,1981,3420
PRT,,ALL,1982,3230
PRT,,ALL,1983,2830
PRT,,ALL,1984,2520
PRT,,ALL,1985,2530
PRT,,ALL,1986,3080
PRT,,ALL,1987,4160
PRT,,ALL,1988,5630
PRT,,ALL,1989,6320
PRT,,ALL,1990,7130
PRT,,ALL,1991,8180
PRT,,ALL,1992,9860
PRT,,ALL,1993,10100
PRT,,ALL,1994,10450
PRT,,ALL,1995,11210
PRT,,ALL,1996,12100
PRT,,ALL,1997,12370
PRT,,ALL,1998,12190
PRT,,ALL,1999,12260
PRT,,ALL,2000,12170
PRT,,ALL,2001,11830
PRT,,ALL,2002,11750
PRT,,ALL,2003,13260
PRT,,ALL,2004,16140
PRT,,ALL,2005,18580
PRT,,ALL,2006,19390
PRT,,ALL,2007,20850
PRT,,ALL,2008,22590
PRT,,ALL,2009,22920
PRT,,ALL,2010,22960
PRT,,ALL,2011,22720
PRT,,ALL,2012,21150
PRT,,ALL,2013,21370
PRT,,ALL,2014,21190
PRT,,ALL,2015,20440
PRT,,ALL,2016,19930
PRT,,ALL,2017,20040
PRT,,ALL,2018,21990
ROU,,ALL,1992,1250
ROU,,ALL,1993,1190
ROU,,ALL,1994,1270
ROU,,ALL,1995,1490
ROU,,ALL,1996,1640
ROU,,ALL,1997,1590
ROU,,ALL,1998,1580
ROU,,ALL,1999,1610
ROU,,ALL,2000,1710
ROU,,ALL,2001,1760
ROU,,ALL,2002,1950
ROU,,ALL,2003,2250
ROU,,ALL,2004,2960
ROU,,ALL,2005,3880
ROU,,ALL,2006,4900
ROU,,ALL,2007,6510
ROU,,ALL,2008,8770
ROU,,ALL,2009,9190
ROU,,ALL,2010,8610
ROU,,ALL,2011,8620
ROU,,ALL,2012,8780
ROU,,ALL,2013,9250
ROU,,ALL,2014,9610
ROU,,ALL,2015,9520
ROU,,ALL,2016,9530
ROU,,ALL,2017,10010
ROU,,ALL,2018,11290
RUS,,ALL,1991,3440
RUS,,ALL,1992,3080
RUS,,ALL,1993,2920
RUS,,ALL,1994,2650
RUS,,ALL,1995,2640
RUS,,ALL,1996,2600
RUS,,ALL,1997,2650
RUS,,ALL,1998,2130
RUS,,ALL,1999,1750
RUS,,ALL,2000,1710
RUS,,ALL,2001,1780
RUS,,ALL,2002,2100
RUS,,ALL,2003,2590
RUS,,ALL,2004,3410
RUS,,ALL,2005,4450
RUS,,ALL,2006,5810
RUS,,ALL,2007,7560
RUS,,ALL,2008,9580
RUS,,ALL,2009,9230
RUS,,ALL,2010,9980
RUS,,ALL,2011,11070
RUS,,ALL,2012,13480
RUS,,ALL,2013,15210
RUS,,ALL,2014,14650
RUS,,ALL,2015,11770
RUS,,ALL,2016,9750
RUS,,ALL,2017,9230
RUS,,ALL,2018,10230
,SEEHN,ALL,1992,2514.88
,SEEHN,ALL,1993,2528.16
,SEEHN,ALL,1994,2677.4
,SEEHN,ALL,1995,2998.09
,SEEHN,ALL,1996,3256.64
,SEEHN,ALL,1997,3371
,SEEHN,ALL,1998,3399.49
,SEEHN,ALL,1999,3360.18
,SEEHN,ALL,2000,3460.02
,SEEHN,ALL,2001,3561.77
,SEEHN,ALL,2002,3655.83
,SEEHN,ALL,2003,4033.71
,SEEHN,ALL,2004,4780.56
,SEEHN,ALL,2005,5651.43
,SEEHN,ALL,2006,6386.38
,SEEHN,ALL,2007,7488.18
,SEEHN,ALL,2008,9129.1
,SEEHN,ALL,2009,9682.61
,SEEHN,ALL,2010,9864.97
,SEEHN,ALL,2011,10255.73
,SEEHN,ALL,2012,10491.13
,SEEHN,ALL,2013,11124.76
,SEEHN,ALL,2014,11549.76
,SEEHN,ALL,2015,11399.33
,SEEHN,ALL,2016,11552.99
,SEEHN,ALL,2017,12099.76
,SEEHN,ALL,2018,13557.12
,SMALL,ALL,1977,4017.35
,SMALL,ALL,1978,4617.65
,SMALL,ALL,1979,5550.7
,SMALL,ALL,1980,6702.04
,SMALL,ALL,1981,7012.79
,SMALL,ALL,1982,6861.3
,SMALL,ALL,1983,6128.54
,SMALL,ALL,1984,5978.92
,SMALL,ALL,1985,5988.76
,SMALL,ALL,1986,6874.53
,SMALL,ALL,1987,8710.66
,SMALL,ALL,1988,10878.69
,SMALL,ALL,1989,11711.2
,SMALL,ALL,1990,12562.61
,SMALL,ALL,1991,13556.35
,SMALL,ALL,1992,14927.48
,SMALL,ALL,1993,15041.38
,SMALL,ALL,1994,15436.86
,SMALL,ALL,1995,16538.57
,SMALL,ALL,1996,17609.09
,SMALL,ALL,1997,18264.03
,SMALL,ALL,1998,18113.14
,SMALL,ALL,1999,17985.14
,SMALL,ALL,2000,18408.87
,SMALL,ALL,2001,18216.57
,SMALL,ALL,2002,17870.8
,SMALL,ALL,2003,19781.41
,SMALL,ALL,2004,25363.46
,SMALL,ALL,2005,29932.91
,SMALL,ALL,2006,30755.36
,SMALL,ALL,2007,35507.01
,SMALL,ALL,2008,36561.97
,SMALL,ALL,2009,32361.09
,SMALL,ALL,2010,33452.02
,SMALL,ALL,2011,33664.62
,SMALL,ALL,2012,33216.91
,SMALL,ALL,2013,33834.39
,SMALL,ALL,2014,34461.11
,SMALL,ALL,2015,34008.93
,SMALL,ALL,2016,33246.94
,SMALL,ALL,2017,33320.37
,SMALL,ALL,2018,36452.58
SRB,,ALL,1997,2850
SRB,,ALL,1998,2800
SRB,,ALL,1999,2390
SRB,,ALL,2000,1530
SRB,,ALL,2001,1450
SRB,,ALL,2002,1430
SRB,,ALL,2003,2260
SRB,,ALL,2004,3070
SRB,,ALL,2005,3800
SRB,,ALL,2006,4190
SRB,,ALL,2007,4890
SRB,,ALL,2008,6040
SRB,,ALL,2009,6450
SRB,,ALL,2010,6220
SRB,,ALL,2011,6300
SRB,,ALL,2012,6090
SRB,,ALL,2013,6460
SRB,,ALL,2014,6240
SRB,,ALL,2015,5960
SRB,,ALL,2016,5690
SRB,,ALL,2017,5550
SRB,,ALL,2018,6390
SVK,,ALL,1995,4200
SVK,,ALL,1996,5000
SVK,,ALL,1997,5400
SVK,,ALL,1998,5420
SVK,,ALL,1999,5360
SVK,,ALL,2000,5520
SVK,,ALL,2001,5710
SVK,,ALL,2002,6000
SVK,,ALL,2003,6940
SVK,,ALL,2004,9000
SVK,,ALL,2005,11310
SVK,,ALL,2006,12890
SVK,,ALL,2007,14880
SVK,,ALL,2008,17200
SVK,,ALL,2009,17050
SVK,,ALL,2010,17240
SVK,,ALL,2011,17240
SVK,,ALL,2012,17540
SVK,,ALL,2013,18140
SVK,,ALL,2014,18240
SVK,,ALL,2015,17520
SVK,,ALL,2016,16950
SVK,,ALL,2017,16650
SVK,,ALL,2018,18260
SVN,,ALL,1995,8840
SVN,,ALL,1996,10200
SVN,,ALL,1997,11240
SVN,,ALL,1998,11000
SVN,,ALL,1999,11320
SVN,,ALL,2000,11270
SVN,,ALL,2001,10950
SVN,,ALL,2002,10920
SVN,,ALL,2003,12630
SVN,,ALL,2004,15610
SVN,,ALL,2005,18310
SVN,,ALL,2006,19820
SVN,,ALL,2007,21790
SVN,,ALL,2008,24620
SVN,,ALL,2009,24380
SVN,,ALL,2010,24540
SVN,,ALL,2011,24580
SVN,,ALL,2012,23250
SVN,,ALL,2013,23230
SVN,,ALL,2014,23610
SVN,,ALL,2015,22250
SVN,,ALL,2016,21750
SVN,,ALL,2017,22090
SVN,,ALL,2018,24580
SWE,,ALL,1970,4690
SWE,,ALL,1971,4990
SWE,,ALL,1972,5670
SWE,,ALL,1973,7050
SWE,,ALL,1974,8580
SWE,,ALL,1975,10160
SWE,,ALL,1976,10720
SWE,,ALL,1977,11290
SWE,,ALL,1978,12460
SWE,,ALL,1979,14790
SWE,,ALL,1980,17300
SWE,,ALL,1981,17530
SWE,,ALL,1982,15760
SWE,,ALL,1983,13550
SWE,,ALL,1984,13020
SWE,,ALL,1985,13080
SWE,,ALL,1986,15330
SWE,,ALL,1987,19360
SWE,,ALL,1988,24190
SWE,,ALL,1989,26090
SWE,,ALL,1990,27760
SWE,,ALL,1991,29110
SWE,,ALL,1992,31340
SWE,,ALL,1993,28200
SWE,,ALL,1994,27690
SWE,,ALL,1995,28070
SWE,,ALL,1996,30400
SWE,,ALL,1997,31400
SWE,,ALL,1998,31110
SWE,,ALL,1999,31100
SWE,,ALL,2000,31440
SWE,,ALL,2001,29550
SWE,,ALL,2002,28930
SWE,,ALL,2003,32550
SWE,,ALL,2004,39530
SWE,,ALL,2005,45500
SWE,,ALL,2006,48820
SWE,,ALL,2007,51960
SWE,,ALL,2008,55470
SWE,,ALL,2009,52470
SWE,,ALL,2010,54570
SWE,,ALL,2011,56570
SWE,,ALL,2012,58930
SWE,,ALL,2013,61580
SWE,,ALL,2014,61690
SWE,,ALL,2015,58280
SWE,,ALL,2016,54430
SWE,,ALL,2017,52850
SWE,,ALL,2018,55490
TJK,,ALL,1992,350
TJK,,ALL,1993,290
TJK,,ALL,1994,210
TJK,,ALL,1995,210
TJK,,ALL,1996,170
TJK,,ALL,1997,170
TJK,,ALL,1998,180
TJK,,ALL,1999,180
TJK,,ALL,2000,170
TJK,,ALL,2001,160
TJK,,ALL,2002,170
TJK,,ALL,2003,210
TJK,,ALL,2004,270
TJK,,ALL,2005,320
TJK,,ALL,2006,370
TJK,,ALL,2007,440
TJK,,ALL,2008,570
TJK,,ALL,2009,660
TJK,,ALL,2010,920
TJK,,ALL,2011,1020
TJK,,ALL,2012,1150
TJK,,ALL,2013,1330
TJK,,ALL,2014,1350
TJK,,ALL,2015,1250
TJK,,ALL,2016,1110
TJK,,ALL,2017,1000
TJK,,ALL,2018,1010
TKM,,ALL,1993,800
TKM,,ALL,1994,680
TKM,,ALL,1995,610
TKM,,ALL,1996,610
TKM,,ALL,1997,550
TKM,,ALL,1998,560
TKM,,ALL,1999,620
TKM,,ALL,2000,600
TKM,,ALL,2001,650
TKM,,ALL,2002,750
TKM,,ALL,2003,990
TKM,,ALL,2004,1310
TKM,,ALL,2005,1590
TKM,,ALL,2006,1890
TKM,,ALL,2007,2320
TKM,,ALL,2008,3040
TKM,,ALL,2009,3550
TKM,,ALL,2010,4070
TKM,,ALL,2011,4730
TKM,,ALL,2012,5560
TKM,,ALL,2013,6510
TKM,,ALL,2014,7200
TKM,,ALL,2015,7030
TKM,,ALL,2016,6820
TKM,,ALL,2017,6380
TKM,,ALL,2018,6740
TUR,,ALL,1970,560
TUR,,ALL,1971,530
TUR,,ALL,1972,560
TUR,,ALL,1973,640
TUR,,ALL,1974,860
TUR,,ALL,1975,1110
TUR,,ALL,1976,1310
TUR,,ALL,1977,1410
TUR,,ALL,1978,1520
TUR,,ALL,1979,1820
TUR,,ALL,1980,1860
TUR,,ALL,1981,1860
TUR,,ALL,1982,1570
TUR,,ALL,1983,1400
TUR,,ALL,1984,1310
TUR,,ALL,1985,1310
TUR,,ALL,1986,1450
TUR,,ALL,1987,1740
TUR,,ALL,1988,1860
TUR,,ALL,1989,1920
TUR,,ALL,1990,2310
TUR,,ALL,1991,2590
TUR,,ALL,1992,2940
TUR,,ALL,1993,3140
TUR,,ALL,1994,2680
TUR,,ALL,1995,2850
TUR,,ALL,1996,2920
TUR,,ALL,1997,3190
TUR,,ALL,1998,3430
TUR,,ALL,1999,3580
TUR,,ALL,2000,4300
TUR,,ALL,2001,3550
TUR,,ALL,2002,3560
TUR,,ALL,2003,3910
TUR,,ALL,2004,5220
TUR,,ALL,2005,6760
TUR,,ALL,2006,7820
TUR,,ALL,2007,8880
TUR,,ALL,2008,9780
TUR,,ALL,2009,9580
TUR,,ALL,2010,10430
TUR,,ALL,2011,11230
TUR,,ALL,2012,11870
TUR,,ALL,2013,12510
TUR,,ALL,2014,12560
TUR,,ALL,2015,11960
TUR,,ALL,2016,11180
TUR,,ALL,2017,10900
TUR,,ALL,2018,10420
UKR,,ALL,1989,1620
UKR,,ALL,1990,1610
UKR,,ALL,1991,1520
UKR,,ALL,1992,1420
UKR,,ALL,1993,1230
UKR,,ALL,1994,1010
UKR,,ALL,1995,920
UKR,,ALL,1996,860
UKR,,ALL,1997,890
UKR,,ALL,1998,850
UKR,,ALL,1999,760
UKR,,ALL,2000,700
UKR,,ALL,2001,730
UKR,,ALL,2002,790
UKR,,ALL,2003,980
UKR,,ALL,2004,1270
UKR,,ALL,2005,1540
UKR,,ALL,2006,1950
UKR,,ALL,2007,2560
UKR,,ALL,2008,3210
UKR,,ALL,2009,2840
UKR,,ALL,2010,2980
UKR,,ALL,2011,3110
UKR,,ALL,2012,3500
UKR,,ALL,2013,3800
UKR,,ALL,2014,3560
UKR,,ALL,2015,2650
UKR,,ALL,2016,2310
UKR,,ALL,2017,2260
UKR,,ALL,2018,2660
UZB,,ALL,1992,600
UZB,,ALL,1993,590
UZB,,ALL,1994,570
UZB,,ALL,1995,580
UZB,,ALL,1996,600
UZB,,ALL,1997,610
UZB,,ALL,1998,620
UZB,,ALL,1999,650
UZB,,ALL,2000,630
UZB,,ALL,2001,560
UZB,,ALL,2002,450
UZB,,ALL,2003,420
UZB,,ALL,2004,460
UZB,,ALL,2005,530
UZB,,ALL,2006,610
UZB,,ALL,2007,770
UZB,,ALL,2008,980
UZB,,ALL,2009,1150
UZB,,ALL,2010,1370
UZB,,ALL,2011,1650
UZB,,ALL,2012,2020
UZB,,ALL,2013,2270
UZB,,ALL,2014,2530
UZB,,ALL,2015,2600
UZB,,ALL,2016,2660
UZB,,ALL,2017,2350
UZB,,ALL,2018,2020
,WHO_EURO,ALL,1992,11465.29
,WHO_EURO,ALL,1993,11319.74
,WHO_EURO,ALL,1994,11517.74
,WHO_EURO,ALL,1995,12004.23
,WHO_EURO,ALL,1996,12732.62
,WHO_EURO,ALL,1997,12981.22
,WHO_EURO,ALL,1998,12604.18
,WHO_EURO,ALL,1999,12471.44
,WHO_EURO,ALL,2000,12559.21
,WHO_EURO,ALL,2001,12153.6
,WHO_EURO,ALL,2002,12085.86
,WHO_EURO,ALL,2003,13633.94
,WHO_EURO,ALL,2004,16543.38
,WHO_EURO,ALL,2005,19165.62
,WHO_EURO,ALL,2006,20792.23
,WHO_EURO,ALL,2007,22487.58
,WHO_EURO,ALL,2008,24475.78
,WHO_EURO,ALL,2009,24246.92
,WHO_EURO,ALL,2010,24448.48
,WHO_EURO,ALL,2011,24960.01
,WHO_EURO,ALL,2012,25298.34
,WHO_EURO,ALL,2013,25966.64
,WHO_EURO,ALL,2014,26035.62
,WHO_EURO,ALL,2015,24679.78
,WHO_EURO,ALL,2016,23404.07
,WHO_EURO,ALL,2017,22807.39
,WHO_EURO,ALL,2018,24327.3
,,,,
Last update,2020.09.06 20:01:38 GMT,,,
Description,"Gross national income, US$ per capita",,,
Reference link,https://dw.euro.who.int/api/v3/measures/HFA_32?lang=En,,,
,,,,
Copyright,,,,
Â© WHO Regional Office for Europe 2020. All rights reserved.,http://www.euro.who.int/en/home/copyright-notice,,,
